{"cameraMode":{"drawMode":2,"name":"Shaded Wireframe","section":"Shading Mode"},"sceneLighting":false,"audioPlay":false,"sceneViewState":{"showFog":true,"showMaterialUpdate":false,"showSkybox":false,"showFlares":true,"showImageEffects":true,"showParticleSystems":true},"in2DMode":false,"pivot":{"x":-0.2814869284629822,"y":-7.617426872253418,"z":16.84498405456543},"rotation":{"x":-0.23187261819839478,"y":0.007877185940742493,"z":-0.0018776287324726582,"w":-0.9727145433425903},"size":9.511361122131348,"orthographic":false}